job_id,qpu,qubits,circuit_family,shots_requested,shots_per_circuit,circuits_per_job,shots_executed,timestamp,ibm_created_utc,execution_start_utc,execution_stop_utc,status,sabre_2q_gates,tket_2q_gates,prometheus_2q_gates,sabre_depth,tket_depth,prometheus_depth,ibm_verified,package_sha256,sabre_fidelity,tket_fidelity,prometheus_fidelity,prometheus_fidelity_vs_best,prometheus_fidelity_beats_both,sabre_tvd,tket_tvd,prometheus_tvd,prometheus_tvd_vs_best,prometheus_tvd_beats_both,sabre_xeb,tket_xeb,prometheus_xeb,prometheus_xeb_vs_best,prometheus_xeb_beats_both,sabre_entropy,tket_entropy,prometheus_entropy,sabre_hop,tket_hop,prometheus_hop,reference_ideal_entropy,sabre_ideal_entropy_error,tket_ideal_entropy_error,prometheus_ideal_entropy_error,dataset
dagtsg1hvn6c73cr5k4g,ibm_fez,23,Dense All-to-All (K_N),16384,16384,3,49152,2026-09-09T19:31:30.175000,2026-09-09T22:31:29.103256Z,2026-09-09T22:31:32.255546Z,2026-09-09T22:31:47.067891Z,SUCCESS,671,1112,530,504,849,358,YES,894155ce82dc26ac438f6159d4f71b0517b57909d0b48fd3b92089fbf32073d4,0.0092410451457556,0.0003897907475077,0.0171010534710872,(+85.1%),YES,0.9672325469225688,0.9935191614548902,0.951839101275774,(-1.6%),YES,353.40892980406784,33.10890396109029,555.4241703055038,(+57.2%),YES,13.975809583289438,13.992415486907564,13.945611077302868,0.56329345703125,0.55682373046875,0.54437255859375,11.230651315552416,0.0,0.0,0.0,Fez
dagtrq1hvn6c73cr5jc0,ibm_fez,22,Dense All-to-All (K_N),16384,16384,3,49152,2026-09-09T19:30:01.756704,2026-09-09T22:30:00.729277Z,2026-09-09T22:30:03.611172Z,2026-09-09T22:30:18.241817Z,SUCCESS,534,1003,501,408,707,332,YES,752e881fad474f63f3635a495ab93bc43ded0f1028d7120ceebc37f87b667d85,0.0228968295446045,0.0066543226489794,0.0345824724083053,(+51.0%),YES,0.9444173912803024,0.968969268702886,0.9263002613268932,(-1.9%),YES,348.0719196162665,82.62093743458573,445.1505800529204,(+27.9%),YES,13.922241730707649,13.961939210507868,13.900653876797392,0.5592041015625,0.661865234375,0.58331298828125,11.450780372869598,0.0,0.0,0.0,Fez
dagtqrni3e6s738mvmo0,ibm_fez,21,Dense All-to-All (K_N),16384,16384,3,49152,2026-09-09T19:27:59.329488,2026-09-09T22:27:58.296394Z,2026-09-09T22:28:40.784046Z,2026-09-09T22:28:55.624494Z,SUCCESS,490,893,453,348,631,330,YES,d39b597f9ed9e83fa90759a12c94039d8afd2861302df71063a8872f4594e351,0.0350232086619448,0.0031412843937672,0.0136004366041952,(-61.2%),NO,0.9052848482114926,0.9760173370156504,0.9428241408763564,(+4.1%),NO,80.283915136602,8.379237831233347,38.49005627267862,(-52.1%),NO,13.923767331307388,13.976592420959207,13.951820331969095,0.60626220703125,0.58721923828125,0.53448486328125,13.56459008229912,0.0,0.0,0.0,Fez
dagtpv7i3e6s738mvkq0,ibm_fez,20,Dense All-to-All (K_N),16384,16384,3,49152,2026-09-09T19:26:05.247861,2026-09-09T22:26:04.196457Z,2026-09-09T22:26:46.207988Z,2026-09-09T22:27:01.060553Z,SUCCESS,572,799,397,509,596,300,YES,d0f60a2ac2295e6fb286eb055a3bbd246933863889c2f59847ba66ec633021ff,0.0086491054912302,0.0085282816369533,0.0751005622653141,(+768.3%),YES,0.9623080765046128,0.9630191935394634,0.868490930190998,(-9.7%),YES,17.884072943914223,18.19806822748201,119.61303707704614,(+557.3%),YES,13.949534113309522,13.94961010894538,13.801626995825645,0.50811767578125,0.57635498046875,0.56439208984375,11.89000429321108,0.0,0.0,0.0,Fez
dagtpbj9k43c73adu2r0,ibm_fez,19,Dense All-to-All (K_N),16384,16384,3,49152,2026-09-09T19:24:47.643726,2026-09-09T22:24:46.607351Z,2026-09-09T22:24:53.053373Z,2026-09-09T22:25:07.488456Z,SUCCESS,436,717,358,355,501,284,YES,7e95aed7ee80a0c650c56b9388baf081967ea8ca2a30c0df9051306a0ebf12f7,0.0963430278571292,0.0386218819601124,0.1263521952721727,(+31.1%),YES,0.8571390527269183,0.9203890105462544,0.8298217183549164,(-3.2%),YES,209.27931029415012,72.63173946291337,280.21910751898383,(+33.9%),YES,13.621215895032044,13.812598506299484,13.492268095700132,0.57977294921875,0.6297607421875,0.5919189453125,10.39823514557524,0.0,0.0,0.0,Fez
dagton39k43c73adu1pg,ibm_fez,18,Dense All-to-All (K_N),16384,16384,3,49152,2026-09-09T19:23:25.512888,2026-09-09T22:23:24.458394Z,2026-09-09T22:23:43.582635Z,2026-09-09T22:23:58.075925Z,SUCCESS,427,633,321,527,478,266,YES,d28e07303c024518ba378e09b4cde24dcdafd3a064b4c61065a869327c8280dd,0.0352512603037052,0.0589079604499026,0.16607660850271,(+181.9%),YES,0.9128346214541164,0.8814577650563872,0.7668809101924341,(-13.0%),YES,8.387811222589955,14.047214837390392,47.70689366827901,(+239.6%),YES,13.85985395052468,13.81437362828182,13.568704407161686,0.5325927734375,0.60186767578125,0.62017822265625,12.11577996865942,0.0,0.0,0.0,Fez
dagto3hhvn6c73cr5d90,ibm_fez,17,Dense All-to-All (K_N),16384,16384,3,49152,2026-09-09T19:22:07.919005,2026-09-09T22:22:06.853313Z,2026-09-09T22:22:09.653165Z,2026-09-09T22:22:24.195415Z,SUCCESS,339,559,286,342,437,248,YES,72099162f531d14ad622a2eddc1e61d6ee64ef469381f889cbdf291e97645325,0.1063467119370483,0.083591538555679,0.1900370907896083,(+78.7%),YES,0.833277635625918,0.858627624555967,0.7538378190473792,(-9.5%),YES,6.673943336554034,4.583470819693454,12.532861589043364,(+87.8%),YES,13.746322171907975,13.785611590047386,13.629538887047456,0.5728759765625,0.595947265625,0.6549072265625,12.656772897531546,0.0,0.0,0.0,Fez
dagtnd0mhr3c73e5mrsg,ibm_fez,16,Dense All-to-All (K_N),16384,16384,3,49152,2026-09-09T19:20:37.823520,2026-09-09T22:20:36.782692Z,2026-09-09T22:20:40.265240Z,2026-09-09T22:20:54.562788Z,SUCCESS,307,454,253,310,345,232,YES,e3aca2641989c9ec323afde45b2642bf85862baa4197494f5782d0f4af829f5b,0.2181949900822693,0.0530988373436615,0.3055773899121539,(+40.0%),YES,0.7703083668787339,0.9089138353612928,0.6879241238316283,(-10.7%),YES,74.30855985192508,12.209916453967264,128.95097486778235,(+73.5%),YES,12.964417500837143,13.409978930212114,12.48534328226194,0.6217041015625,0.48773193359375,0.66424560546875,8.578987888904424,0.0,0.0,0.0,Fez
dagv5eb9k43c73advts0,ibm_kingston,23,Dense All-to-All (K_N),16384,16384,3,49152,2026-09-09T20:58:49.892622,2026-09-09T23:58:49.822791Z,2026-09-09T23:59:34.859860Z,2026-09-09T23:59:52.093093Z,SUCCESS,570,1112,587,409,849,372,YES,9f024c7c765f97c2ce25c876e1d417b6e06adb5845715618e48d6bfc495c1417,0.0216243145205769,1.2861183622113626e-05,0.0665925090254252,(+208.0%),YES,0.9471235511541048,0.9989069359241816,0.888825433511049,(-6.2%),YES,653.8015711077389,3.568713999448714,1489.0774904088946,(+127.8%),YES,13.896444357220185,13.9964599609375,13.81372654939204,0.63494873046875,0.48150634765625,0.61407470703125,11.02950630686234,0.0,0.0,0.0,Kingston
dagv33phvn6c73cr76n0,ibm_kingston,22,Dense All-to-All (K_N),16384,16384,3,49152,2026-09-09T20:53:51.607743,2026-09-09T23:53:51.529718Z,2026-09-09T23:53:55.666713Z,2026-09-09T23:54:13.009076Z,SUCCESS,680,1003,538,517,707,337,YES,b4e19ad96d40d4711d2951fe1ab3c5ff5d09be344b9b2f067b6dc227989382f4,0.0209632488602161,0.0001592518172169,0.0536763664461714,(+156.0%),YES,0.9370519552134502,0.9952910642176144,0.8874892793013011,(-5.3%),YES,157.38733978910454,3.657267348595061,312.4252653319055,(+98.5%),YES,13.948182647560133,13.9913330078125,13.868195612436708,0.55010986328125,0.4661865234375,0.59979248046875,12.59733200300877,0.0,0.0,0.0,Kingston
dagv1mfi3e6s738n1afg,ibm_kingston,21,Dense All-to-All (K_N),16384,16384,3,49152,2026-09-09T20:50:49.842552,2026-09-09T23:50:49.774076Z,2026-09-09T23:52:24.751813Z,2026-09-09T23:52:41.898588Z,SUCCESS,535,893,509,400,631,344,YES,5f53e4994a220e19b3af0743ae84030fb4ba46c12ea26db66cb6b1bd03629d4f,0.0740455672234208,0.0012229460645789,0.1067710551731011,(+44.2%),YES,0.8689189664875474,0.988045076227249,0.8314686755441597,(-4.3%),YES,278.5825769412975,14.86587073789484,473.2355947149299,(+69.9%),YES,13.804097733799098,13.980162380980918,13.685063047877264,0.5758056640625,0.47576904296875,0.589599609375,11.729291381066403,0.0,0.0,0.0,Kingston
dagv15ni3e6s738n19v0,ibm_kingston,20,Dense All-to-All (K_N),16384,16384,3,49152,2026-09-09T20:49:42.415050,2026-09-09T23:49:42.318649Z,2026-09-09T23:49:45.897587Z,2026-09-09T23:50:00.539205Z,SUCCESS,544,799,433,484,596,296,YES,9a6f78d5a50d2da781d74283f4c817ef5ec6992d4c163ec0fcdd5156e804f874,0.0865028282847188,0.0086145682047028,0.1452985024023707,(+68.0%),YES,0.8442361142648508,0.956687277132314,0.7810571660555341,(-7.5%),YES,117.75048842089024,9.684791464366596,186.99182466314363,(+58.8%),YES,13.737349252611352,13.914306089012763,13.610481719628048,0.5732421875,0.51605224609375,0.60614013671875,11.954140258304385,0.0,0.0,0.0,Kingston
dagv0j0mhr3c73e5ojqg,ibm_kingston,19,Dense All-to-All (K_N),16384,16384,3,49152,2026-09-09T20:48:28.877034,2026-09-09T23:48:28.795585Z,2026-09-09T23:48:39.845053Z,2026-09-09T23:48:54.966945Z,SUCCESS,420,717,422,367,501,317,YES,f515c1ed0651450e05bf41fb0a546183560117afa0d4f0eee0afbc125885331a,0.1357941542284787,0.0434799519556098,0.2675324327129407,(+97.0%),YES,0.8183941685593799,0.9144169178889529,0.6982166439565278,(-14.7%),YES,333.6945812743991,73.58311691942379,756.0634666213473,(+126.6%),YES,13.3314434020934,13.700721165403424,12.923809864332243,0.59814453125,0.5931396484375,0.72003173828125,10.099217290374671,0.0,0.0,0.0,Kingston
dagv039hvn6c73cr72jg,ibm_kingston,18,Dense All-to-All (K_N),16384,16384,3,49152,2026-09-09T20:47:26.044434,2026-09-09T23:47:25.966849Z,2026-09-09T23:47:28.637400Z,2026-09-09T23:47:43.112575Z,SUCCESS,369,633,362,353,478,303,YES,3ad139b3cdb68be1fd1c96156952d7b47d2795b40b053901c136380a3ba0e00a,0.1559219694086138,0.0258731944700723,0.3117422261287917,(+99.9%),YES,0.8117327307509158,0.9460803922768836,0.6444764153020931,(-20.6%),YES,159.30443919752884,27.963613358060694,675.0593915692168,(+323.8%),YES,13.173122335830382,13.499133997684604,12.206684600069629,0.63531494140625,0.4805908203125,0.672607421875,9.40088396931822,0.0,0.0,0.0,Kingston
daguvj8mhr3c73e5ohe0,ibm_kingston,17,Dense All-to-All (K_N),16384,16384,3,49152,2026-09-09T20:46:21.505329,2026-09-09T23:46:21.425821Z,2026-09-09T23:46:26.467896Z,2026-09-09T23:46:40.929170Z,SUCCESS,286,559,335,251,437,283,YES,e87ddeaef8051efb68004906495abf219c64b3d129c13616f843d63845ce5bcd,0.2930920686179768,0.0358700196709664,0.3064710502601713,(+4.6%),YES,0.6927582711751871,0.940011657589065,0.6851452127948869,(-1.1%),YES,333.933939348623,30.870269369720692,264.99606874451536,(-20.6%),NO,12.216071301498388,13.366032762002446,12.621176259344098,0.7330322265625,0.44970703125,0.7052001953125,8.783586781313202,0.0,0.0,0.0,Kingston
dagurbni3e6s738n10f0,ibm_kingston,16,Dense All-to-All (K_N),16384,16384,3,49152,2026-09-09T20:37:18.224743,2026-09-09T23:37:18.152280Z,2026-09-09T23:45:13.405764Z,2026-09-09T23:45:27.985006Z,SUCCESS,377,454,282,367,345,282,YES,f7defd7e8e6dfa726fd1f91397d00a89bcc7bb0b0c78cbd617626b5381c2e094,0.2449762922635182,0.3477351036610452,0.3383057297691908,(-2.7%),NO,0.7087636643836008,0.6179162161581458,0.6359201872646565,(+2.9%),NO,35.040633453552275,49.36301469265074,39.685422077526,(-19.6%),NO,12.811389944088278,12.542801597799391,12.781064303523328,0.60845947265625,0.7203369140625,0.65673828125,10.36587271799148,0.0,0.0,0.0,Kingston
dah048r9k43c73ae14kg,ibm_marrakesh,23,Dense All-to-All (K_N),16384,16384,3,49152,2026-09-09T22:04:35.878570,2026-09-10T01:04:35.727005Z,2026-09-10T01:11:04.181752Z,2026-09-10T01:11:19.420210Z,SUCCESS,609,1112,562,420,849,363,YES,1a60c3e6fa728711a0d26743335174379aba33c8102dfb8bbac1d68e71cbf260,0.0282807988526043,0.0008219602108705,0.027977816424855,(-1.1%),NO,0.9388776307417752,0.989485368289446,0.9378760013275124,(-0.1%),YES,902.5645227476828,62.51866332363437,943.5282200393116,(+4.5%),YES,13.92812872348241,13.9912109375,13.900086309330232,0.561279296875,0.5076904296875,0.55419921875,10.56330642775303,0.0,0.0,0.0,Marrakesh
dah0071hvn6c73cr8b10,ibm_marrakesh,22,Dense All-to-All (K_N),16384,16384,3,49152,2026-09-09T21:55:56.785225,2026-09-10T00:55:56.689655Z,2026-09-10T01:02:58.118146Z,2026-09-10T01:03:16.014534Z,SUCCESS,513,1003,529,367,707,346,YES,69283e3e6981c73b8b11f6922deacb38d38710e59cb6d121472d9b558b9aede2,0.0170830468512248,0.0030639042160897,0.0063570635946591,(-62.8%),NO,0.9353012274801692,0.9760196345651097,0.962126034188544,(+2.9%),NO,89.35024335593339,24.035288422303147,37.40449250110909,(-58.1%),NO,13.957908935552917,13.984236775970064,13.979796170043418,0.56573486328125,0.53546142578125,0.5108642578125,14.245637414424184,0.0,0.0,0.0,Marrakesh
dagvtu8mhr3c73e5poe0,ibm_marrakesh,21,Dense All-to-All (K_N),16384,16384,3,49152,2026-09-09T21:51:05.177311,2026-09-10T00:51:05.078948Z,2026-09-10T00:54:32.565355Z,2026-09-10T00:54:50.227560Z,SUCCESS,583,893,438,440,631,319,YES,be98996dcbaa324cf822bbce5cebf7b6b5ba5a422df9b623dfbe9d8afbfaa775,0.0093794451679118,0.010916803355367,0.0699993210090172,(+541.2%),YES,0.9678576491852096,0.9598403957138107,0.8797626327493532,(-8.3%),YES,63.447574569619945,59.04276375503189,348.0783844069393,(+448.6%),YES,13.903126127504477,13.955041044613797,13.75636772332026,0.50164794921875,0.55120849609375,0.5562744140625,11.063062794790772,0.0,0.0,0.0,Marrakesh
dagvq10mhr3c73e5pjvg,ibm_marrakesh,20,Dense All-to-All (K_N),16384,16384,3,49152,2026-09-09T21:42:44.762146,2026-09-10T00:42:44.670767Z,2026-09-10T00:49:53.873675Z,2026-09-10T00:50:11.401665Z,SUCCESS,561,799,403,438,596,312,YES,7b7f2290901ffbf593e99a70c188753268f1a8b923102dc57e8322fd65cf03a4,0.0339563070194486,0.0134001020684133,0.0579978993152882,(+70.8%),YES,0.90512091312164,0.9440056189650446,0.8676695744449447,(-4.1%),YES,36.01469546145835,12.645367336748318,53.78025901210773,(+49.3%),YES,13.901328022616678,13.946794009977634,13.831515021800314,0.544677734375,0.56109619140625,0.563232421875,13.48175349760682,0.0,0.0,0.0,Marrakesh
dagvm5phvn6c73cr7vp0,ibm_marrakesh,19,Dense All-to-All (K_N),16384,16384,3,49152,2026-09-09T21:34:31.308038,2026-09-10T00:34:31.221066Z,2026-09-10T00:41:12.462822Z,2026-09-10T00:41:29.864066Z,SUCCESS,372,717,358,321,501,281,YES,234915dc0e5664fea144815d709f0cceb629b0528e02d41168eaab4059b42361,0.1397368226399545,0.0915433870730979,0.1770395013333247,(+26.7%),YES,0.8245211634729317,0.8717786445209101,0.7908558415283989,(-4.1%),YES,489.09168445571066,257.10835412130155,707.4361766176047,(+44.6%),YES,13.349553150769706,13.532833588028506,13.14820095183799,0.61639404296875,0.63739013671875,0.61981201171875,9.161746958203135,0.0,0.0,0.0,Marrakesh
dagvjqvi3e6s738n23kg,ibm_marrakesh,18,Dense All-to-All (K_N),16384,16384,3,49152,2026-09-09T21:29:31.791278,2026-09-10T00:29:31.662430Z,2026-09-10T00:33:04.687526Z,2026-09-10T00:33:19.738798Z,SUCCESS,467,633,339,447,478,278,YES,7ea9d5565afefe70a7e7821879a56e1f39ba6c2e30419ca2c37187ecc511a2fd,0.0489027822508167,0.0774951972047165,0.2076324820886702,(+167.9%),YES,0.9206025904276944,0.8868406876324194,0.762953219258675,(-14.0%),YES,51.45318819458232,58.95819246682352,210.48063392202576,(+257.0%),YES,13.682999182301074,13.680266857323328,13.135706341739928,0.55712890625,0.59002685546875,0.62322998046875,9.526984814371104,0.0,0.0,0.0,Marrakesh
dagvglvi3e6s738n1vvg,ibm_marrakesh,17,Dense All-to-All (K_N),16384,16384,3,49152,2026-09-09T21:22:48.001784,2026-09-10T00:22:47.894694Z,2026-09-10T00:28:28.246459Z,2026-09-10T00:28:43.240689Z,SUCCESS,399,559,286,409,437,250,YES,122e0724e2279fb7496d3d9c0daacdbd7979b9562b496b3542d1129f6218e0f0,0.0962731524986164,0.1103628985396376,0.2884530131303942,(+161.4%),YES,0.8631047310255532,0.8465168990854964,0.6827810818007873,(-19.3%),YES,25.935306565401348,25.65332811062798,87.32271567628955,(+236.7%),YES,13.568293269958112,13.567457830302136,13.031455578313713,0.59185791015625,0.58343505859375,0.701416015625,10.642618238858123,0.0,0.0,0.0,Marrakesh
dagvd3gmhr3c73e5p3p0,ibm_marrakesh,16,Dense All-to-All (K_N),16384,16384,3,49152,2026-09-09T21:15:10.284512,2026-09-10T00:15:10.208062Z,2026-09-10T00:20:14.485635Z,2026-09-10T00:20:29.156641Z,SUCCESS,325,454,253,307,345,230,YES,f2139875709d2b33735c968ecf335875073b6064aa71c33f0076100d2cd7b38b,0.233732603869554,0.1288505436844444,0.1876399675419467,(-19.7%),NO,0.7591504186099529,0.8509131456807686,0.806490847897867,(+6.2%),NO,203.7280155427892,93.88499094703695,185.6687948637492,(-8.9%),NO,12.454116642920818,12.973517465442123,12.510873325786662,0.63848876953125,0.629150390625,0.56622314453125,7.181323744328407,0.0,0.0,0.0,Marrakesh
dah7m99hvn6c73crkvr0,ibm_kingston,22,Dense All-to-All (K_N),16384,16384,3,49152,2026-09-10T06:40:53.991931,2026-09-10T09:40:53.689300Z,2026-09-10T09:41:01.281958Z,2026-09-10T09:41:19.348855Z,SUCCESS,536,1003,569,386,707,391,YES,29ce636c899b1b01c8096ac25fa49a82d183777ddb6e8de44cfeb4aacae8eb64,0.0636226099380088,0.0002563271763263,0.0944103480368049,(+48.4%),YES,0.8823362974237952,0.9939970636124013,0.8538835820129833,(-3.2%),YES,1087.459241983123,7.957278621633245,1761.4273969917072,(+62.0%),YES,13.713783241728375,13.983962714385854,13.68072310168666,0.5828857421875,0.5828857421875,0.6346435546875,10.728147280808406,0.0,0.0,0.0,Fez_Marrakesh_Kingston
dah7m29hvn6c73crkvj0,ibm_fez,22,Dense All-to-All (K_N),16384,16384,3,49152,2026-09-10T06:40:26.558074,2026-09-10T09:40:25.711886Z,2026-09-10T09:40:28.311439Z,2026-09-10T09:40:43.034411Z,SUCCESS,698,1003,484,568,707,336,YES,509d6a542fef59d922ca683aa77ec76643396debadd565c9dbc6b776595d86a2,0.0001913132996763,0.0005002050324295,0.0274594448810833,(+5389.6%),YES,0.9958812673140016,0.9923887154443076,0.937937223348386,(-5.5%),YES,17.311965755528448,24.37768490662411,609.8649711682613,(+2401.7%),YES,13.9908447265625,13.984678982543416,13.885787886811697,0.49725341796875,0.6031494140625,0.53338623046875,10.728147280808406,0.0,0.0,0.0,Fez_Marrakesh_Kingston
dah7lqhhvn6c73crkv7g,ibm_marrakesh,22,Dense All-to-All (K_N),16384,16384,3,49152,2026-09-10T06:39:55.059154,2026-09-10T09:39:54.607397Z,2026-09-10T09:46:22.271093Z,2026-09-10T09:46:37.331899Z,SUCCESS,549,1003,502,389,707,334,YES,e6dd09c54eae017a65b367c6cb95dd5e8e448871a9a5ffc7c0ac3a8880b13f79,0.1035723069734156,0.0021241703438118,0.0814830415332262,(-21.3%),NO,0.8465129933693785,0.9854654813142468,0.8704874973878299,(+2.8%),NO,2071.200693709692,84.54977975663208,1617.2259815393663,(-21.9%),NO,13.633294211665808,13.97721653976348,13.67427578015096,0.63690185546875,0.555419921875,0.58697509765625,10.728147280808406,0.0,0.0,0.0,Fez_Marrakesh_Kingston
dah7jq39k43c73aedltg,ibm_fez,21,Dense All-to-All (K_N),16384,16384,3,49152,2026-09-10T06:35:37.358358,2026-09-10T09:35:37.067241Z,2026-09-10T09:35:40.033922Z,2026-09-10T09:35:54.652557Z,SUCCESS,479,893,438,433,631,318,YES,de6200e32ee7b0c69db0798d6c0c0d870a3f7a4d9c69e8ee1bb0dbb55fe405f5,0.0132790040950566,0.0012333195432996,0.0345323933881957,(+160.1%),YES,0.958866698611268,0.9871591509057772,0.9247751738394856,(-3.6%),YES,103.29966622494535,12.07972767108435,191.82434173942727,(+85.7%),YES,13.952820720123746,13.977400838470064,13.883739418140548,0.5380859375,0.6043701171875,0.5325927734375,11.248255498605449,0.0,0.0,0.0,Fez_Marrakesh_Kingston
dah7jq7i3e6s738nf8h0,ibm_kingston,21,Dense All-to-All (K_N),16384,16384,3,49152,2026-09-10T06:35:37.324887,2026-09-10T09:35:37.025943Z,2026-09-10T09:35:40.561770Z,2026-09-10T09:35:55.274005Z,SUCCESS,492,893,555,442,631,458,YES,9501d5884c65cc4ba309e5e69a0e006bdea558334e18c06cb4896329db536cc1,0.1058906947013223,0.0019689460722687,0.0812584347904992,(-23.3%),NO,0.8384754186527832,0.9837009044865914,0.8694784087663043,(+3.7%),NO,600.6544872141839,18.747798770610533,380.5738263724597,(-36.6%),NO,13.643655137498351,13.95353489913848,13.782049644320852,0.62896728515625,0.56787109375,0.644775390625,11.248255498605449,0.0,0.0,0.0,Fez_Marrakesh_Kingston
dah7jdfi3e6s738nf7v0,ibm_marrakesh,21,Dense All-to-All (K_N),16384,16384,3,49152,2026-09-10T06:34:45.783253,2026-09-10T09:34:45.164671Z,2026-09-10T09:38:04.600355Z,2026-09-10T09:38:19.651301Z,SUCCESS,470,893,434,375,631,311,YES,4eda0e5956fe3c9ad0115ce331b0ca0bc21abd5b23048416c87e80707efcd4ce,0.0640714925182,0.0136191614616131,0.0903947366410461,(+41.1%),YES,0.8862790333381724,0.9573872904593732,0.8588537184869607,(-3.1%),YES,277.081153574046,104.89524502696348,394.4026227939945,(+42.3%),YES,13.816826143425756,13.936684212530512,13.756250684953043,0.60003662109375,0.5953369140625,0.6031494140625,11.248255498605449,0.0,0.0,0.0,Fez_Marrakesh_Kingston
dah7ekgmhr3c73e665kg,ibm_marrakesh,20,Dense All-to-All (K_N),16384,16384,3,49152,2026-09-10T06:24:34.344164,2026-09-10T09:24:34.066702Z,2026-09-10T09:32:50.358972Z,2026-09-10T09:33:05.314617Z,SUCCESS,439,799,396,337,596,300,YES,e72f93cdd0691bda28442772e7de4ef8116f3c83fb65d5b078d455102a477c46,0.0292515797376101,0.0066941780103142,0.0577241973086814,(+97.3%),YES,0.9032468087112756,0.9578089826043814,0.8608549106316409,(-4.7%),YES,19.442951667178207,7.665736943085843,38.15833153926256,(+96.3%),YES,13.911173816892468,13.954859132382875,13.869707427507624,0.538818359375,0.53814697265625,0.5758056640625,13.343868218782976,0.0,0.0,0.0,Fez_Marrakesh_Kingston
dah7efgmhr3c73e665g0,ibm_kingston,20,Dense All-to-All (K_N),16384,16384,3,49152,2026-09-10T06:24:15.264504,2026-09-10T09:24:14.804852Z,2026-09-10T09:24:17.348032Z,2026-09-10T09:24:35.919652Z,SUCCESS,600,799,409,512,596,315,YES,b7ea2f7fbb5a167f6bc70268ee1d8aa32397068fa4f99074266c9162af3f56cc,0.0249032957032075,0.002144463096267,0.0980715611943731,(+293.8%),YES,0.9147412170419236,0.978861315174414,0.8088810817663199,(-11.6%),YES,19.74587606912517,2.111462694816564,58.14744456270627,(+194.5%),YES,13.927608044246366,13.943412057491416,13.811533683452438,0.5235595703125,0.48797607421875,0.6175537109375,13.343868218782976,0.0,0.0,0.0,Fez_Marrakesh_Kingston
dah7efb9k43c73aedfp0,ibm_fez,20,Dense All-to-All (K_N),16384,16384,3,49152,2026-09-10T06:24:14.185201,2026-09-10T09:24:13.776297Z,2026-09-10T09:24:40.175659Z,2026-09-10T09:24:54.915041Z,SUCCESS,474,799,405,390,596,315,YES,419303c27cc09acb6ae0d0761ccebfcdc0e8a595190736b1ce1f24e6b67110c7,0.0226828473839086,0.0021953876502365,0.0356958466241176,(+57.4%),YES,0.9193487924054504,0.9779054915289528,0.8960165621331121,(-2.5%),YES,20.07244107131337,2.6433632183440388,27.109045795995165,(+35.1%),YES,13.938122077360616,13.971587538146707,13.921291075745168,0.53887939453125,0.5263671875,0.54302978515625,13.343868218782976,0.0,0.0,0.0,Fez_Marrakesh_Kingston
