job_id,package,status,package_sha256,recorded_package_sha256,job_details_sha256,recorded_job_details_sha256,job_results_sha256,recorded_job_results_sha256,error
dah7m99hvn6c73crkvr0,job-dah7m99hvn6c73crkvr0.zip,YES,29ce636c899b1b01c8096ac25fa49a82d183777ddb6e8de44cfeb4aacae8eb64,29ce636c899b1b01c8096ac25fa49a82d183777ddb6e8de44cfeb4aacae8eb64,6429eff5f2d18bc2b0d77aeba99feaac1d721f47e7c437722d6af72e8f41e28d,6429eff5f2d18bc2b0d77aeba99feaac1d721f47e7c437722d6af72e8f41e28d,6b2e425d65f114829c4e3d467bf8acbfeaef33d17ed9f285ffaaf1eaa73cbd2b,6b2e425d65f114829c4e3d467bf8acbfeaef33d17ed9f285ffaaf1eaa73cbd2b,
dah7m29hvn6c73crkvj0,job-dah7m29hvn6c73crkvj0.zip,YES,509d6a542fef59d922ca683aa77ec76643396debadd565c9dbc6b776595d86a2,509d6a542fef59d922ca683aa77ec76643396debadd565c9dbc6b776595d86a2,bd325fdb1f56a5e57328ee52fe525cae88e61e728d3e7db63b7f344cf8303175,bd325fdb1f56a5e57328ee52fe525cae88e61e728d3e7db63b7f344cf8303175,50ea65fb5700f00f25462e78f8826343920f5db13584f94f5d1d00b507abc0ea,50ea65fb5700f00f25462e78f8826343920f5db13584f94f5d1d00b507abc0ea,
dah7lqhhvn6c73crkv7g,job-dah7lqhhvn6c73crkv7g.zip,YES,e6dd09c54eae017a65b367c6cb95dd5e8e448871a9a5ffc7c0ac3a8880b13f79,e6dd09c54eae017a65b367c6cb95dd5e8e448871a9a5ffc7c0ac3a8880b13f79,884e2420ff6a7f381bbe38459e475bbb17f5e8432907fd8b747575fc7274870a,884e2420ff6a7f381bbe38459e475bbb17f5e8432907fd8b747575fc7274870a,2877b5c6aaf0c53501dce753fe52ed78427bec47c5229f431184db13738ae202,2877b5c6aaf0c53501dce753fe52ed78427bec47c5229f431184db13738ae202,
dah7jq39k43c73aedltg,job-dah7jq39k43c73aedltg.zip,YES,de6200e32ee7b0c69db0798d6c0c0d870a3f7a4d9c69e8ee1bb0dbb55fe405f5,de6200e32ee7b0c69db0798d6c0c0d870a3f7a4d9c69e8ee1bb0dbb55fe405f5,a550b1686c09130ba68c1f489319832cdbecd5af20d1b86af3c8ef1f3a7ca44f,a550b1686c09130ba68c1f489319832cdbecd5af20d1b86af3c8ef1f3a7ca44f,1fcdd56fc1b8c988d68cf9267990119606e6248a1eaaf3693f43447db528a0b8,1fcdd56fc1b8c988d68cf9267990119606e6248a1eaaf3693f43447db528a0b8,
dah7jq7i3e6s738nf8h0,job-dah7jq7i3e6s738nf8h0.zip,YES,9501d5884c65cc4ba309e5e69a0e006bdea558334e18c06cb4896329db536cc1,9501d5884c65cc4ba309e5e69a0e006bdea558334e18c06cb4896329db536cc1,d00ed0d7a6acd308ab025836469d27c4864a7ae29258d8bfe6a7bc4f458b3563,d00ed0d7a6acd308ab025836469d27c4864a7ae29258d8bfe6a7bc4f458b3563,39849f4c1b4ae8bd9d9fa961f3765a6b804e8e5c457bbf0e74b1afd4f8e4a09b,39849f4c1b4ae8bd9d9fa961f3765a6b804e8e5c457bbf0e74b1afd4f8e4a09b,
dah7jdfi3e6s738nf7v0,job-dah7jdfi3e6s738nf7v0.zip,YES,4eda0e5956fe3c9ad0115ce331b0ca0bc21abd5b23048416c87e80707efcd4ce,4eda0e5956fe3c9ad0115ce331b0ca0bc21abd5b23048416c87e80707efcd4ce,97ebf3b45d61779e1a94a23ce6a9221fb435ebacd44ed20cf91d9f3a448af3c0,97ebf3b45d61779e1a94a23ce6a9221fb435ebacd44ed20cf91d9f3a448af3c0,3521f218f84afd0784a507a81206904b4ea1746c60eb74ae7f2877c181db2062,3521f218f84afd0784a507a81206904b4ea1746c60eb74ae7f2877c181db2062,
dah7ekgmhr3c73e665kg,job-dah7ekgmhr3c73e665kg.zip,YES,e72f93cdd0691bda28442772e7de4ef8116f3c83fb65d5b078d455102a477c46,e72f93cdd0691bda28442772e7de4ef8116f3c83fb65d5b078d455102a477c46,2cd06295b17568d62d4820cee4ea0cb957c8fb4b43cf784414fc40d1e958448f,2cd06295b17568d62d4820cee4ea0cb957c8fb4b43cf784414fc40d1e958448f,5d7f687f9c93e6ea682e29c54e5aca953285b3809b16c5527f516f76863fd5d6,5d7f687f9c93e6ea682e29c54e5aca953285b3809b16c5527f516f76863fd5d6,
dah7efgmhr3c73e665g0,job-dah7efgmhr3c73e665g0.zip,YES,b7ea2f7fbb5a167f6bc70268ee1d8aa32397068fa4f99074266c9162af3f56cc,b7ea2f7fbb5a167f6bc70268ee1d8aa32397068fa4f99074266c9162af3f56cc,13fd7f9195dbe734ea1cf2ee7be00cab0250f69652b9cba6d8270bb7262ec8df,13fd7f9195dbe734ea1cf2ee7be00cab0250f69652b9cba6d8270bb7262ec8df,ca5140417f231d6a216c276f3f26f8a6a9071301b1df03a341f3d7e6fb3de225,ca5140417f231d6a216c276f3f26f8a6a9071301b1df03a341f3d7e6fb3de225,
dah7efb9k43c73aedfp0,job-dah7efb9k43c73aedfp0.zip,YES,419303c27cc09acb6ae0d0761ccebfcdc0e8a595190736b1ce1f24e6b67110c7,419303c27cc09acb6ae0d0761ccebfcdc0e8a595190736b1ce1f24e6b67110c7,d819ae9a89a61748599842ea8e515537413cb87f2b2038b6325bdc8fada8f5f7,d819ae9a89a61748599842ea8e515537413cb87f2b2038b6325bdc8fada8f5f7,cb1300f32cb5f490b6686a50ad55e3944b6e3406cfa2c127f47afff7e6214253,cb1300f32cb5f490b6686a50ad55e3944b6e3406cfa2c127f47afff7e6214253,
